name,height,weight,hp,attack,defense,special-attack,special-defense,speed,type,subtype
bulbasaur,0.7,6.9,45,49,49,65,65,45,grass,poison
ivysaur,1.0,13.0,60,62,63,80,80,60,grass,poison
venusaur,2.0,100.0,80,82,83,100,100,80,grass,poison
charmander,0.6,8.5,39,52,43,60,50,65,fire,
charmeleon,1.1,19.0,58,64,58,80,65,80,fire,
charizard,1.7,90.5,78,84,78,109,85,100,fire,flying
squirtle,0.5,9.0,44,48,65,50,64,43,water,
wartortle,1.0,22.5,59,63,80,65,80,58,water,
blastoise,1.6,85.5,79,83,100,85,105,78,water,
caterpie,0.3,2.9,45,30,35,20,20,45,bug,
metapod,0.7,9.9,50,20,55,25,25,30,bug,
butterfree,1.1,32.0,60,45,50,90,80,70,bug,flying
weedle,0.3,3.2,40,35,30,20,20,50,bug,poison
kakuna,0.6,10.0,45,25,50,25,25,35,bug,poison
beedrill,1.0,29.5,65,90,40,45,80,75,bug,poison
pidgey,0.3,1.8,40,45,40,35,35,56,normal,flying
pidgeotto,1.1,30.0,63,60,55,50,50,71,normal,flying
pidgeot,1.5,39.5,83,80,75,70,70,101,normal,flying
rattata,0.3,3.5,30,56,35,25,35,72,normal,
raticate,0.7,18.5,55,81,60,50,70,97,normal,
spearow,0.3,2.0,40,60,30,31,31,70,normal,flying
fearow,1.2,38.0,65,90,65,61,61,100,normal,flying
ekans,2.0,6.9,35,60,44,40,54,55,poison,
arbok,3.5,65.0,60,95,69,65,79,80,poison,
pikachu,0.4,6.0,35,55,40,50,50,90,electric,
raichu,0.8,30.0,60,90,55,90,80,110,electric,
sandshrew,0.6,12.0,50,75,85,20,30,40,ground,
sandslash,1.0,29.5,75,100,110,45,55,65,ground,
nidoran-f,0.4,7.0,55,47,52,40,40,41,poison,
nidorina,0.8,20.0,70,62,67,55,55,56,poison,
nidoqueen,1.3,60.0,90,92,87,75,85,76,poison,ground
nidoran-m,0.5,9.0,46,57,40,40,40,50,poison,
nidorino,0.9,19.5,61,72,57,55,55,65,poison,
nidoking,1.4,62.0,81,102,77,85,75,85,poison,ground
clefairy,0.6,7.5,70,45,48,60,65,35,fairy,
clefable,1.3,40.0,95,70,73,95,90,60,fairy,
vulpix,0.6,9.9,38,41,40,50,65,65,fire,
ninetales,1.1,19.9,73,76,75,81,100,100,fire,
jigglypuff,0.5,5.5,115,45,20,45,25,20,normal,fairy
wigglytuff,1.0,12.0,140,70,45,85,50,45,normal,fairy
zubat,0.8,7.5,40,45,35,30,40,55,poison,flying
golbat,1.6,55.0,75,80,70,65,75,90,poison,flying
oddish,0.5,5.4,45,50,55,75,65,30,grass,poison
gloom,0.8,8.6,60,65,70,85,75,40,grass,poison
vileplume,1.2,18.6,75,80,85,110,90,50,grass,poison
paras,0.3,5.4,35,70,55,45,55,25,bug,grass
parasect,1.0,29.5,60,95,80,60,80,30,bug,grass
venonat,1.0,30.0,60,55,50,40,55,45,bug,poison
venomoth,1.5,12.5,70,65,60,90,75,90,bug,poison
diglett,0.2,0.8,10,55,25,35,45,95,ground,
dugtrio,0.7,33.3,35,100,50,50,70,120,ground,
meowth,0.4,4.2,40,45,35,40,40,90,normal,
persian,1.0,32.0,65,70,60,65,65,115,normal,
psyduck,0.8,19.6,50,52,48,65,50,55,water,
golduck,1.7,76.6,80,82,78,95,80,85,water,
mankey,0.5,28.0,40,80,35,35,45,70,fighting,
primeape,1.0,32.0,65,105,60,60,70,95,fighting,
growlithe,0.7,19.0,55,70,45,70,50,60,fire,
arcanine,1.9,155.0,90,110,80,100,80,95,fire,
poliwag,0.6,12.4,40,50,40,40,40,90,water,
poliwhirl,1.0,20.0,65,65,65,50,50,90,water,
poliwrath,1.3,54.0,90,95,95,70,90,70,water,fighting
abra,0.9,19.5,25,20,15,105,55,90,psychic,
kadabra,1.3,56.5,40,35,30,120,70,105,psychic,
alakazam,1.5,48.0,55,50,45,135,95,120,psychic,
machop,0.8,19.5,70,80,50,35,35,35,fighting,
machoke,1.5,70.5,80,100,70,50,60,45,fighting,
machamp,1.6,130.0,90,130,80,65,85,55,fighting,
bellsprout,0.7,4.0,50,75,35,70,30,40,grass,poison
weepinbell,1.0,6.4,65,90,50,85,45,55,grass,poison
victreebel,1.7,15.5,80,105,65,100,70,70,grass,poison
tentacool,0.9,45.5,40,40,35,50,100,70,water,poison
tentacruel,1.6,55.0,80,70,65,80,120,100,water,poison
geodude,0.4,20.0,40,80,100,30,30,20,rock,ground
graveler,1.0,105.0,55,95,115,45,45,35,rock,ground
golem,1.4,300.0,80,120,130,55,65,45,rock,ground
ponyta,1.0,30.0,50,85,55,65,65,90,fire,
rapidash,1.7,95.0,65,100,70,80,80,105,fire,
slowpoke,1.2,36.0,90,65,65,40,40,15,water,psychic
slowbro,1.6,78.5,95,75,110,100,80,30,water,psychic
magnemite,0.3,6.0,25,35,70,95,55,45,electric,steel
magneton,1.0,60.0,50,60,95,120,70,70,electric,steel
farfetchd,0.8,15.0,52,90,55,58,62,60,normal,flying
doduo,1.4,39.2,35,85,45,35,35,75,normal,flying
dodrio,1.8,85.2,60,110,70,60,60,110,normal,flying
seel,1.1,90.0,65,45,55,45,70,45,water,
dewgong,1.7,120.0,90,70,80,70,95,70,water,ice
grimer,0.9,30.0,80,80,50,40,50,25,poison,
muk,1.2,30.0,105,105,75,65,100,50,poison,
shellder,0.3,4.0,30,65,100,45,25,40,water,
cloyster,1.5,132.5,50,95,180,85,45,70,water,ice
gastly,1.3,0.1,30,35,30,100,35,80,ghost,poison
haunter,1.6,0.1,45,50,45,115,55,95,ghost,poison
gengar,1.5,40.5,60,65,60,130,75,110,ghost,poison
onix,8.8,210.0,35,45,160,30,45,70,rock,ground
drowzee,1.0,32.4,60,48,45,43,90,42,psychic,
hypno,1.6,75.6,85,73,70,73,115,67,psychic,
krabby,0.4,6.5,30,105,90,25,25,50,water,
kingler,1.3,60.0,55,130,115,50,50,75,water,
voltorb,0.5,10.4,40,30,50,55,55,100,electric,
electrode,1.2,66.6,60,50,70,80,80,150,electric,
exeggcute,0.4,2.5,60,40,80,60,45,40,grass,psychic
exeggutor,2.0,120.0,95,95,85,125,75,55,grass,psychic
cubone,0.4,6.5,50,50,95,40,50,35,ground,
marowak,1.0,45.0,60,80,110,50,80,45,ground,
hitmonlee,1.5,49.8,50,120,53,35,110,87,fighting,
hitmonchan,1.4,50.2,50,105,79,35,110,76,fighting,
lickitung,1.2,65.5,90,55,75,60,75,30,normal,
koffing,0.6,1.0,40,65,95,60,45,35,poison,
weezing,1.2,9.5,65,90,120,85,70,60,poison,
rhyhorn,1.0,115.0,80,85,95,30,30,25,ground,rock
rhydon,1.9,120.0,105,130,120,45,45,40,ground,rock
chansey,1.1,34.6,250,5,5,35,105,50,normal,
tangela,1.0,35.0,65,55,115,100,40,60,grass,
kangaskhan,2.2,80.0,105,95,80,40,80,90,normal,
horsea,0.4,8.0,30,40,70,70,25,60,water,
seadra,1.2,25.0,55,65,95,95,45,85,water,
goldeen,0.6,15.0,45,67,60,35,50,63,water,
seaking,1.3,39.0,80,92,65,65,80,68,water,
staryu,0.8,34.5,30,45,55,70,55,85,water,
starmie,1.1,80.0,60,75,85,100,85,115,water,psychic
mr-mime,1.3,54.5,40,45,65,100,120,90,psychic,fairy
scyther,1.5,56.0,70,110,80,55,80,105,bug,flying
jynx,1.4,40.6,65,50,35,115,95,95,ice,psychic
electabuzz,1.1,30.0,65,83,57,95,85,105,electric,
magmar,1.3,44.5,65,95,57,100,85,93,fire,
pinsir,1.5,55.0,65,125,100,55,70,85,bug,
tauros,1.4,88.4,75,100,95,40,70,110,normal,
magikarp,0.9,10.0,20,10,55,15,20,80,water,
gyarados,6.5,235.0,95,125,79,60,100,81,water,flying
lapras,2.5,220.0,130,85,80,85,95,60,water,ice
ditto,0.3,4.0,48,48,48,48,48,48,normal,
eevee,0.3,6.5,55,55,50,45,65,55,normal,
vaporeon,1.0,29.0,130,65,60,110,95,65,water,
jolteon,0.8,24.5,65,65,60,110,95,130,electric,
flareon,0.9,25.0,65,130,60,95,110,65,fire,
porygon,0.8,36.5,65,60,70,85,75,40,normal,
omanyte,0.4,7.5,35,40,100,90,55,35,rock,water
omastar,1.0,35.0,70,60,125,115,70,55,rock,water
kabuto,0.5,11.5,30,80,90,55,45,55,rock,water
kabutops,1.3,40.5,60,115,105,65,70,80,rock,water
aerodactyl,1.8,59.0,80,105,65,60,75,130,rock,flying
snorlax,2.1,460.0,160,110,65,65,110,30,normal,
articuno,1.7,55.4,90,85,100,95,125,85,ice,flying
zapdos,1.6,52.6,90,90,85,125,90,100,electric,flying
moltres,2.0,60.0,90,100,90,125,85,90,fire,flying
dratini,1.8,3.3,41,64,45,50,50,50,dragon,
dragonair,4.0,16.5,61,84,65,70,70,70,dragon,
dragonite,2.2,210.0,91,134,95,100,100,80,dragon,flying
mewtwo,2.0,122.0,106,110,90,154,90,130,psychic,
mew,0.4,4.0,100,100,100,100,100,100,psychic,
chikorita,0.9,6.4,45,49,65,49,65,45,grass,
bayleef,1.2,15.8,60,62,80,63,80,60,grass,
meganium,1.8,100.5,80,82,100,83,100,80,grass,
cyndaquil,0.5,7.9,39,52,43,60,50,65,fire,
quilava,0.9,19.0,58,64,58,80,65,80,fire,
typhlosion,1.7,79.5,78,84,78,109,85,100,fire,
totodile,0.6,9.5,50,65,64,44,48,43,water,
croconaw,1.1,25.0,65,80,80,59,63,58,water,
feraligatr,2.3,88.8,85,105,100,79,83,78,water,
sentret,0.8,6.0,35,46,34,35,45,20,normal,
furret,1.8,32.5,85,76,64,45,55,90,normal,
hoothoot,0.7,21.2,60,30,30,36,56,50,normal,flying
noctowl,1.6,40.8,100,50,50,86,96,70,normal,flying
ledyba,1.0,10.8,40,20,30,40,80,55,bug,flying
ledian,1.4,35.6,55,35,50,55,110,85,bug,flying
spinarak,0.5,8.5,40,60,40,40,40,30,bug,poison
ariados,1.1,33.5,70,90,70,60,70,40,bug,poison
crobat,1.8,75.0,85,90,80,70,80,130,poison,flying
chinchou,0.5,12.0,75,38,38,56,56,67,water,electric
lanturn,1.2,22.5,125,58,58,76,76,67,water,electric
pichu,0.3,2.0,20,40,15,35,35,60,electric,
cleffa,0.3,3.0,50,25,28,45,55,15,fairy,
igglybuff,0.3,1.0,90,30,15,40,20,15,normal,fairy
togepi,0.3,1.5,35,20,65,40,65,20,fairy,
togetic,0.6,3.2,55,40,85,80,105,40,fairy,flying
natu,0.2,2.0,40,50,45,70,45,70,psychic,flying
xatu,1.5,15.0,65,75,70,95,70,95,psychic,flying
mareep,0.6,7.8,55,40,40,65,45,35,electric,
flaaffy,0.8,13.3,70,55,55,80,60,45,electric,
ampharos,1.4,61.5,90,75,85,115,90,55,electric,
bellossom,0.4,5.8,75,80,95,90,100,50,grass,
marill,0.4,8.5,70,20,50,20,50,40,water,fairy
azumarill,0.8,28.5,100,50,80,60,80,50,water,fairy
sudowoodo,1.2,38.0,70,100,115,30,65,30,rock,
politoed,1.1,33.9,90,75,75,90,100,70,water,
hoppip,0.4,0.5,35,35,40,35,55,50,grass,flying
skiploom,0.6,1.0,55,45,50,45,65,80,grass,flying
jumpluff,0.8,3.0,75,55,70,55,95,110,grass,flying
aipom,0.8,11.5,55,70,55,40,55,85,normal,
sunkern,0.3,1.8,30,30,30,30,30,30,grass,
sunflora,0.8,8.5,75,75,55,105,85,30,grass,
yanma,1.2,38.0,65,65,45,75,45,95,bug,flying
wooper,0.4,8.5,55,45,45,25,25,15,water,ground
quagsire,1.4,75.0,95,85,85,65,65,35,water,ground
espeon,0.9,26.5,65,65,60,130,95,110,psychic,
umbreon,1.0,27.0,95,65,110,60,130,65,dark,
murkrow,0.5,2.1,60,85,42,85,42,91,dark,flying
slowking,2.0,79.5,95,75,80,100,110,30,water,psychic
misdreavus,0.7,1.0,60,60,60,85,85,85,ghost,
unown,0.5,5.0,48,72,48,72,48,48,psychic,
wobbuffet,1.3,28.5,190,33,58,33,58,33,psychic,
girafarig,1.5,41.5,70,80,65,90,65,85,normal,psychic
pineco,0.6,7.2,50,65,90,35,35,15,bug,
forretress,1.2,125.8,75,90,140,60,60,40,bug,steel
dunsparce,1.5,14.0,100,70,70,65,65,45,normal,
gligar,1.1,64.8,65,75,105,35,65,85,ground,flying
steelix,9.2,400.0,75,85,200,55,65,30,steel,ground
snubbull,0.6,7.8,60,80,50,40,40,30,fairy,
granbull,1.4,48.7,90,120,75,60,60,45,fairy,
qwilfish,0.5,3.9,65,95,85,55,55,85,water,poison
scizor,1.8,118.0,70,130,100,55,80,65,bug,steel
shuckle,0.6,20.5,20,10,230,10,230,5,bug,rock
heracross,1.5,54.0,80,125,75,40,95,85,bug,fighting
sneasel,0.9,28.0,55,95,55,35,75,115,dark,ice
teddiursa,0.6,8.8,60,80,50,50,50,40,normal,
ursaring,1.8,125.8,90,130,75,75,75,55,normal,
slugma,0.7,35.0,40,40,40,70,40,20,fire,
magcargo,0.8,55.0,60,50,120,90,80,30,fire,rock
swinub,0.4,6.5,50,50,40,30,30,50,ice,ground
piloswine,1.1,55.8,100,100,80,60,60,50,ice,ground
corsola,0.6,5.0,65,55,95,65,95,35,water,rock
remoraid,0.6,12.0,35,65,35,65,35,65,water,
octillery,0.9,28.5,75,105,75,105,75,45,water,
delibird,0.9,16.0,45,55,45,65,45,75,ice,flying
mantine,2.1,220.0,85,40,70,80,140,70,water,flying
skarmory,1.7,50.5,65,80,140,40,70,70,steel,flying
houndour,0.6,10.8,45,60,30,80,50,65,dark,fire
houndoom,1.4,35.0,75,90,50,110,80,95,dark,fire
kingdra,1.8,152.0,75,95,95,95,95,85,water,dragon
phanpy,0.5,33.5,90,60,60,40,40,40,ground,
donphan,1.1,120.0,90,120,120,60,60,50,ground,
porygon2,0.6,32.5,85,80,90,105,95,60,normal,
stantler,1.4,71.2,73,95,62,85,65,85,normal,
smeargle,1.2,58.0,55,20,35,20,45,75,normal,
tyrogue,0.7,21.0,35,35,35,35,35,35,fighting,
hitmontop,1.4,48.0,50,95,95,35,110,70,fighting,
smoochum,0.4,6.0,45,30,15,85,65,65,ice,psychic
elekid,0.6,23.5,45,63,37,65,55,95,electric,
magby,0.7,21.4,45,75,37,70,55,83,fire,
miltank,1.2,75.5,95,80,105,40,70,100,normal,
blissey,1.5,46.8,255,10,10,75,135,55,normal,
raikou,1.9,178.0,90,85,75,115,100,115,electric,
entei,2.1,198.0,115,115,85,90,75,100,fire,
suicune,2.0,187.0,100,75,115,90,115,85,water,
larvitar,0.6,72.0,50,64,50,45,50,41,rock,ground
pupitar,1.2,152.0,70,84,70,65,70,51,rock,ground
tyranitar,2.0,202.0,100,134,110,95,100,61,rock,dark
lugia,5.2,216.0,106,90,130,90,154,110,psychic,flying
ho-oh,3.8,199.0,106,130,90,110,154,90,fire,flying
celebi,0.6,5.0,100,100,100,100,100,100,psychic,grass
treecko,0.5,5.0,40,45,35,65,55,70,grass,
grovyle,0.9,21.6,50,65,45,85,65,95,grass,
sceptile,1.7,52.2,70,85,65,105,85,120,grass,
torchic,0.4,2.5,45,60,40,70,50,45,fire,
combusken,0.9,19.5,60,85,60,85,60,55,fire,fighting
blaziken,1.9,52.0,80,120,70,110,70,80,fire,fighting
mudkip,0.4,7.6,50,70,50,50,50,40,water,
marshtomp,0.7,28.0,70,85,70,60,70,50,water,ground
swampert,1.5,81.9,100,110,90,85,90,60,water,ground
poochyena,0.5,13.6,35,55,35,30,30,35,dark,
mightyena,1.0,37.0,70,90,70,60,60,70,dark,
zigzagoon,0.4,17.5,38,30,41,30,41,60,normal,
linoone,0.5,32.5,78,70,61,50,61,100,normal,
wurmple,0.3,3.6,45,45,35,20,30,20,bug,
silcoon,0.6,10.0,50,35,55,25,25,15,bug,
beautifly,1.0,28.4,60,70,50,100,50,65,bug,flying
cascoon,0.7,11.5,50,35,55,25,25,15,bug,
dustox,1.2,31.6,60,50,70,50,90,65,bug,poison
lotad,0.5,2.6,40,30,30,40,50,30,water,grass
lombre,1.2,32.5,60,50,50,60,70,50,water,grass
ludicolo,1.5,55.0,80,70,70,90,100,70,water,grass
seedot,0.5,4.0,40,40,50,30,30,30,grass,
nuzleaf,1.0,28.0,70,70,40,60,40,60,grass,dark
shiftry,1.3,59.6,90,100,60,90,60,80,grass,dark
taillow,0.3,2.3,40,55,30,30,30,85,normal,flying
swellow,0.7,19.8,60,85,60,75,50,125,normal,flying
wingull,0.6,9.5,40,30,30,55,30,85,water,flying
pelipper,1.2,28.0,60,50,100,95,70,65,water,flying
ralts,0.4,6.6,28,25,25,45,35,40,psychic,fairy
kirlia,0.8,20.2,38,35,35,65,55,50,psychic,fairy
gardevoir,1.6,48.4,68,65,65,125,115,80,psychic,fairy
surskit,0.5,1.7,40,30,32,50,52,65,bug,water
masquerain,0.8,3.6,70,60,62,100,82,80,bug,flying
shroomish,0.4,4.5,60,40,60,40,60,35,grass,
breloom,1.2,39.2,60,130,80,60,60,70,grass,fighting
slakoth,0.8,24.0,60,60,60,35,35,30,normal,
vigoroth,1.4,46.5,80,80,80,55,55,90,normal,
slaking,2.0,130.5,150,160,100,95,65,100,normal,
nincada,0.5,5.5,31,45,90,30,30,40,bug,ground
ninjask,0.8,12.0,61,90,45,50,50,160,bug,flying
shedinja,0.8,1.2,1,90,45,30,30,40,bug,ghost
whismur,0.6,16.3,64,51,23,51,23,28,normal,
loudred,1.0,40.5,84,71,43,71,43,48,normal,
exploud,1.5,84.0,104,91,63,91,73,68,normal,
makuhita,1.0,86.4,72,60,30,20,30,25,fighting,
hariyama,2.3,253.8,144,120,60,40,60,50,fighting,
azurill,0.2,2.0,50,20,40,20,40,20,normal,fairy
nosepass,1.0,97.0,30,45,135,45,90,30,rock,
skitty,0.6,11.0,50,45,45,35,35,50,normal,
delcatty,1.1,32.6,70,65,65,55,55,90,normal,
sableye,0.5,11.0,50,75,75,65,65,50,dark,ghost
mawile,0.6,11.5,50,85,85,55,55,50,steel,fairy
aron,0.4,60.0,50,70,100,40,40,30,steel,rock
lairon,0.9,120.0,60,90,140,50,50,40,steel,rock
aggron,2.1,360.0,70,110,180,60,60,50,steel,rock
meditite,0.6,11.2,30,40,55,40,55,60,fighting,psychic
medicham,1.3,31.5,60,60,75,60,75,80,fighting,psychic
electrike,0.6,15.2,40,45,40,65,40,65,electric,
manectric,1.5,40.2,70,75,60,105,60,105,electric,
plusle,0.4,4.2,60,50,40,85,75,95,electric,
minun,0.4,4.2,60,40,50,75,85,95,electric,
volbeat,0.7,17.7,65,73,75,47,85,85,bug,
illumise,0.6,17.7,65,47,75,73,85,85,bug,
roselia,0.3,2.0,50,60,45,100,80,65,grass,poison
gulpin,0.4,10.3,70,43,53,43,53,40,poison,
swalot,1.7,80.0,100,73,83,73,83,55,poison,
carvanha,0.8,20.8,45,90,20,65,20,65,water,dark
sharpedo,1.8,88.8,70,120,40,95,40,95,water,dark
wailmer,2.0,130.0,130,70,35,70,35,60,water,
wailord,14.5,398.0,170,90,45,90,45,60,water,
numel,0.7,24.0,60,60,40,65,45,35,fire,ground
camerupt,1.9,220.0,70,100,70,105,75,40,fire,ground
torkoal,0.5,80.4,70,85,140,85,70,20,fire,
spoink,0.7,30.6,60,25,35,70,80,60,psychic,
grumpig,0.9,71.5,80,45,65,90,110,80,psychic,
spinda,1.1,5.0,60,60,60,60,60,60,normal,
trapinch,0.7,15.0,45,100,45,45,45,10,ground,
vibrava,1.1,15.3,50,70,50,50,50,70,ground,dragon
flygon,2.0,82.0,80,100,80,80,80,100,ground,dragon
cacnea,0.4,51.3,50,85,40,85,40,35,grass,
cacturne,1.3,77.4,70,115,60,115,60,55,grass,dark
swablu,0.4,1.2,45,40,60,40,75,50,normal,flying
altaria,1.1,20.6,75,70,90,70,105,80,dragon,flying
zangoose,1.3,40.3,73,115,60,60,60,90,normal,
seviper,2.7,52.5,73,100,60,100,60,65,poison,
lunatone,1.0,168.0,90,55,65,95,85,70,rock,psychic
solrock,1.2,154.0,90,95,85,55,65,70,rock,psychic
barboach,0.4,1.9,50,48,43,46,41,60,water,ground
whiscash,0.9,23.6,110,78,73,76,71,60,water,ground
corphish,0.6,11.5,43,80,65,50,35,35,water,
crawdaunt,1.1,32.8,63,120,85,90,55,55,water,dark
baltoy,0.5,21.5,40,40,55,40,70,55,ground,psychic
claydol,1.5,108.0,60,70,105,70,120,75,ground,psychic
lileep,1.0,23.8,66,41,77,61,87,23,rock,grass
cradily,1.5,60.4,86,81,97,81,107,43,rock,grass
anorith,0.7,12.5,45,95,50,40,50,75,rock,bug
armaldo,1.5,68.2,75,125,100,70,80,45,rock,bug
feebas,0.6,7.4,20,15,20,10,55,80,water,
milotic,6.2,162.0,95,60,79,100,125,81,water,
castform,0.3,0.8,70,70,70,70,70,70,normal,
kecleon,1.0,22.0,60,90,70,60,120,40,normal,
shuppet,0.6,2.3,44,75,35,63,33,45,ghost,
banette,1.1,12.5,64,115,65,83,63,65,ghost,
duskull,0.8,15.0,20,40,90,30,90,25,ghost,
dusclops,1.6,30.6,40,70,130,60,130,25,ghost,
tropius,2.0,100.0,99,68,83,72,87,51,grass,flying
chimecho,0.6,1.0,75,50,80,95,90,65,psychic,
absol,1.2,47.0,65,130,60,75,60,75,dark,
wynaut,0.6,14.0,95,23,48,23,48,23,psychic,
snorunt,0.7,16.8,50,50,50,50,50,50,ice,
glalie,1.5,256.5,80,80,80,80,80,80,ice,
spheal,0.8,39.5,70,40,50,55,50,25,ice,water
sealeo,1.1,87.6,90,60,70,75,70,45,ice,water
walrein,1.4,150.6,110,80,90,95,90,65,ice,water
clamperl,0.4,52.5,35,64,85,74,55,32,water,
huntail,1.7,27.0,55,104,105,94,75,52,water,
gorebyss,1.8,22.6,55,84,105,114,75,52,water,
relicanth,1.0,23.4,100,90,130,45,65,55,water,rock
luvdisc,0.6,8.7,43,30,55,40,65,97,water,
bagon,0.6,42.1,45,75,60,40,30,50,dragon,
shelgon,1.1,110.5,65,95,100,60,50,50,dragon,
salamence,1.5,102.6,95,135,80,110,80,100,dragon,flying
beldum,0.6,95.2,40,55,80,35,60,30,steel,psychic
metang,1.2,202.5,60,75,100,55,80,50,steel,psychic
metagross,1.6,550.0,80,135,130,95,90,70,steel,psychic
regirock,1.7,230.0,80,100,200,50,100,50,rock,
regice,1.8,175.0,80,50,100,100,200,50,ice,
registeel,1.9,205.0,80,75,150,75,150,50,steel,
latias,1.4,40.0,80,80,90,110,130,110,dragon,psychic
latios,2.0,60.0,80,90,80,130,110,110,dragon,psychic
kyogre,4.5,352.0,100,100,90,150,140,90,water,
groudon,3.5,950.0,100,150,140,100,90,90,ground,
rayquaza,7.0,206.5,105,150,90,150,90,95,dragon,flying
jirachi,0.3,1.1,100,100,100,100,100,100,steel,psychic
deoxys-normal,1.7,60.8,50,150,50,150,50,150,psychic,
turtwig,0.4,10.2,55,68,64,45,55,31,grass,
grotle,1.1,97.0,75,89,85,55,65,36,grass,
torterra,2.2,310.0,95,109,105,75,85,56,grass,ground
chimchar,0.5,6.2,44,58,44,58,44,61,fire,
monferno,0.9,22.0,64,78,52,78,52,81,fire,fighting
infernape,1.2,55.0,76,104,71,104,71,108,fire,fighting
piplup,0.4,5.2,53,51,53,61,56,40,water,
prinplup,0.8,23.0,64,66,68,81,76,50,water,
empoleon,1.7,84.5,84,86,88,111,101,60,water,steel
starly,0.3,2.0,40,55,30,30,30,60,normal,flying
staravia,0.6,15.5,55,75,50,40,40,80,normal,flying
staraptor,1.2,24.9,85,120,70,50,60,100,normal,flying
bidoof,0.5,20.0,59,45,40,35,40,31,normal,
bibarel,1.0,31.5,79,85,60,55,60,71,normal,water
kricketot,0.3,2.2,37,25,41,25,41,25,bug,
kricketune,1.0,25.5,77,85,51,55,51,65,bug,
shinx,0.5,9.5,45,65,34,40,34,45,electric,
luxio,0.9,30.5,60,85,49,60,49,60,electric,
luxray,1.4,42.0,80,120,79,95,79,70,electric,
budew,0.2,1.2,40,30,35,50,70,55,grass,poison
roserade,0.9,14.5,60,70,65,125,105,90,grass,poison
cranidos,0.9,31.5,67,125,40,30,30,58,rock,
rampardos,1.6,102.5,97,165,60,65,50,58,rock,
shieldon,0.5,57.0,30,42,118,42,88,30,rock,steel
bastiodon,1.3,149.5,60,52,168,47,138,30,rock,steel
burmy,0.2,3.4,40,29,45,29,45,36,bug,
wormadam-plant,0.5,6.5,60,59,85,79,105,36,bug,grass
mothim,0.9,23.3,70,94,50,94,50,66,bug,flying
combee,0.3,5.5,30,30,42,30,42,70,bug,flying
vespiquen,1.2,38.5,70,80,102,80,102,40,bug,flying
pachirisu,0.4,3.9,60,45,70,45,90,95,electric,
buizel,0.7,29.5,55,65,35,60,30,85,water,
floatzel,1.1,33.5,85,105,55,85,50,115,water,
cherubi,0.4,3.3,45,35,45,62,53,35,grass,
cherrim,0.5,9.3,70,60,70,87,78,85,grass,
shellos,0.3,6.3,76,48,48,57,62,34,water,
gastrodon,0.9,29.9,111,83,68,92,82,39,water,ground
ambipom,1.2,20.3,75,100,66,60,66,115,normal,
drifloon,0.4,1.2,90,50,34,60,44,70,ghost,flying
drifblim,1.2,15.0,150,80,44,90,54,80,ghost,flying
buneary,0.4,5.5,55,66,44,44,56,85,normal,
lopunny,1.2,33.3,65,76,84,54,96,105,normal,
mismagius,0.9,4.4,60,60,60,105,105,105,ghost,
honchkrow,0.9,27.3,100,125,52,105,52,71,dark,flying
glameow,0.5,3.9,49,55,42,42,37,85,normal,
purugly,1.0,43.8,71,82,64,64,59,112,normal,
chingling,0.2,0.6,45,30,50,65,50,45,psychic,
stunky,0.4,19.2,63,63,47,41,41,74,poison,dark
skuntank,1.0,38.0,103,93,67,71,61,84,poison,dark
bronzor,0.5,60.5,57,24,86,24,86,23,steel,psychic
bronzong,1.3,187.0,67,89,116,79,116,33,steel,psychic
bonsly,0.5,15.0,50,80,95,10,45,10,rock,
mime-jr,0.6,13.0,20,25,45,70,90,60,psychic,fairy
happiny,0.6,24.4,100,5,5,15,65,30,normal,
chatot,0.5,1.9,76,65,45,92,42,91,normal,flying
spiritomb,1.0,108.0,50,92,108,92,108,35,ghost,dark
gible,0.7,20.5,58,70,45,40,45,42,dragon,ground
gabite,1.4,56.0,68,90,65,50,55,82,dragon,ground
garchomp,1.9,95.0,108,130,95,80,85,102,dragon,ground
munchlax,0.6,105.0,135,85,40,40,85,5,normal,
riolu,0.7,20.2,40,70,40,35,40,60,fighting,
lucario,1.2,54.0,70,110,70,115,70,90,fighting,steel
hippopotas,0.8,49.5,68,72,78,38,42,32,ground,
hippowdon,2.0,300.0,108,112,118,68,72,47,ground,
skorupi,0.8,12.0,40,50,90,30,55,65,poison,bug
drapion,1.3,61.5,70,90,110,60,75,95,poison,dark
croagunk,0.7,23.0,48,61,40,61,40,50,poison,fighting
toxicroak,1.3,44.4,83,106,65,86,65,85,poison,fighting
carnivine,1.4,27.0,74,100,72,90,72,46,grass,
finneon,0.4,7.0,49,49,56,49,61,66,water,
lumineon,1.2,24.0,69,69,76,69,86,91,water,
mantyke,1.0,65.0,45,20,50,60,120,50,water,flying
snover,1.0,50.5,60,62,50,62,60,40,grass,ice
abomasnow,2.2,135.5,90,92,75,92,85,60,grass,ice
weavile,1.1,34.0,70,120,65,45,85,125,dark,ice
magnezone,1.2,180.0,70,70,115,130,90,60,electric,steel
lickilicky,1.7,140.0,110,85,95,80,95,50,normal,
rhyperior,2.4,282.8,115,140,130,55,55,40,ground,rock
tangrowth,2.0,128.6,100,100,125,110,50,50,grass,
electivire,1.8,138.6,75,123,67,95,85,95,electric,
magmortar,1.6,68.0,75,95,67,125,95,83,fire,
togekiss,1.5,38.0,85,50,95,120,115,80,fairy,flying
yanmega,1.9,51.5,86,76,86,116,56,95,bug,flying
leafeon,1.0,25.5,65,110,130,60,65,95,grass,
glaceon,0.8,25.9,65,60,110,130,95,65,ice,
gliscor,2.0,42.5,75,95,125,45,75,95,ground,flying
mamoswine,2.5,291.0,110,130,80,70,60,80,ice,ground
porygon-z,0.9,34.0,85,80,70,135,75,90,normal,
gallade,1.6,52.0,68,125,65,65,115,80,psychic,fighting
probopass,1.4,340.0,60,55,145,75,150,40,rock,steel
dusknoir,2.2,106.6,45,100,135,65,135,45,ghost,
froslass,1.3,26.6,70,80,70,80,70,110,ice,ghost
rotom,0.3,0.3,50,50,77,95,77,91,electric,ghost
uxie,0.3,0.3,75,75,130,75,130,95,psychic,
mesprit,0.3,0.3,80,105,105,105,105,80,psychic,
azelf,0.3,0.3,75,125,70,125,70,115,psychic,
dialga,5.4,683.0,100,120,120,150,100,90,steel,dragon
palkia,4.2,336.0,90,120,100,150,120,100,water,dragon
heatran,1.7,430.0,91,90,106,130,106,77,fire,steel
regigigas,3.7,420.0,110,160,110,80,110,100,normal,
giratina-altered,4.5,750.0,150,100,120,100,120,90,ghost,dragon
cresselia,1.5,85.6,120,70,110,75,120,85,psychic,
phione,0.4,3.1,80,80,80,80,80,80,water,
manaphy,0.3,1.4,100,100,100,100,100,100,water,
darkrai,1.5,50.5,70,90,90,135,90,125,dark,
shaymin-land,0.2,2.1,100,100,100,100,100,100,grass,
arceus,3.2,320.0,120,120,120,120,120,120,normal,
victini,0.4,4.0,100,100,100,100,100,100,psychic,fire
snivy,0.6,8.1,45,45,55,45,55,63,grass,
servine,0.8,16.0,60,60,75,60,75,83,grass,
serperior,3.3,63.0,75,75,95,75,95,113,grass,
tepig,0.5,9.9,65,63,45,45,45,45,fire,
pignite,1.0,55.5,90,93,55,70,55,55,fire,fighting
emboar,1.6,150.0,110,123,65,100,65,65,fire,fighting
oshawott,0.5,5.9,55,55,45,63,45,45,water,
dewott,0.8,24.5,75,75,60,83,60,60,water,
samurott,1.5,94.6,95,100,85,108,70,70,water,
patrat,0.5,11.6,45,55,39,35,39,42,normal,
watchog,1.1,27.0,60,85,69,60,69,77,normal,
lillipup,0.4,4.1,45,60,45,25,45,55,normal,
herdier,0.9,14.7,65,80,65,35,65,60,normal,
stoutland,1.2,61.0,85,110,90,45,90,80,normal,
purrloin,0.4,10.1,41,50,37,50,37,66,dark,
liepard,1.1,37.5,64,88,50,88,50,106,dark,
pansage,0.6,10.5,50,53,48,53,48,64,grass,
simisage,1.1,30.5,75,98,63,98,63,101,grass,
pansear,0.6,11.0,50,53,48,53,48,64,fire,
simisear,1.0,28.0,75,98,63,98,63,101,fire,
panpour,0.6,13.5,50,53,48,53,48,64,water,
simipour,1.0,29.0,75,98,63,98,63,101,water,
munna,0.6,23.3,76,25,45,67,55,24,psychic,
musharna,1.1,60.5,116,55,85,107,95,29,psychic,
pidove,0.3,2.1,50,55,50,36,30,43,normal,flying
tranquill,0.6,15.0,62,77,62,50,42,65,normal,flying
unfezant,1.2,29.0,80,115,80,65,55,93,normal,flying
blitzle,0.8,29.8,45,60,32,50,32,76,electric,
zebstrika,1.6,79.5,75,100,63,80,63,116,electric,
roggenrola,0.4,18.0,55,75,85,25,25,15,rock,
boldore,0.9,102.0,70,105,105,50,40,20,rock,
gigalith,1.7,260.0,85,135,130,60,80,25,rock,
woobat,0.4,2.1,65,45,43,55,43,72,psychic,flying
swoobat,0.9,10.5,67,57,55,77,55,114,psychic,flying
drilbur,0.3,8.5,60,85,40,30,45,68,ground,
excadrill,0.7,40.4,110,135,60,50,65,88,ground,steel
audino,1.1,31.0,103,60,86,60,86,50,normal,
timburr,0.6,12.5,75,80,55,25,35,35,fighting,
gurdurr,1.2,40.0,85,105,85,40,50,40,fighting,
conkeldurr,1.4,87.0,105,140,95,55,65,45,fighting,
tympole,0.5,4.5,50,50,40,50,40,64,water,
palpitoad,0.8,17.0,75,65,55,65,55,69,water,ground
seismitoad,1.5,62.0,105,95,75,85,75,74,water,ground
throh,1.3,55.5,120,100,85,30,85,45,fighting,
sawk,1.4,51.0,75,125,75,30,75,85,fighting,
sewaddle,0.3,2.5,45,53,70,40,60,42,bug,grass
swadloon,0.5,7.3,55,63,90,50,80,42,bug,grass
leavanny,1.2,20.5,75,103,80,70,80,92,bug,grass
venipede,0.4,5.3,30,45,59,30,39,57,bug,poison
whirlipede,1.2,58.5,40,55,99,40,79,47,bug,poison
scolipede,2.5,200.5,60,100,89,55,69,112,bug,poison
cottonee,0.3,0.6,40,27,60,37,50,66,grass,fairy
whimsicott,0.7,6.6,60,67,85,77,75,116,grass,fairy
petilil,0.5,6.6,45,35,50,70,50,30,grass,
lilligant,1.1,16.3,70,60,75,110,75,90,grass,
basculin-red-striped,1.0,18.0,70,92,65,80,55,98,water,
sandile,0.7,15.2,50,72,35,35,35,65,ground,dark
krokorok,1.0,33.4,60,82,45,45,45,74,ground,dark
krookodile,1.5,96.3,95,117,80,65,70,92,ground,dark
darumaka,0.6,37.5,70,90,45,15,45,50,fire,
darmanitan-standard,1.3,92.9,105,140,55,30,55,95,fire,
maractus,1.0,28.0,75,86,67,106,67,60,grass,
dwebble,0.3,14.5,50,65,85,35,35,55,bug,rock
crustle,1.4,200.0,70,105,125,65,75,45,bug,rock
scraggy,0.6,11.8,50,75,70,35,70,48,dark,fighting
scrafty,1.1,30.0,65,90,115,45,115,58,dark,fighting
sigilyph,1.4,14.0,72,58,80,103,80,97,psychic,flying
yamask,0.5,1.5,38,30,85,55,65,30,ghost,
cofagrigus,1.7,76.5,58,50,145,95,105,30,ghost,
tirtouga,0.7,16.5,54,78,103,53,45,22,water,rock
carracosta,1.2,81.0,74,108,133,83,65,32,water,rock
archen,0.5,9.5,55,112,45,74,45,70,rock,flying
archeops,1.4,32.0,75,140,65,112,65,110,rock,flying
trubbish,0.6,31.0,50,50,62,40,62,65,poison,
garbodor,1.9,107.3,80,95,82,60,82,75,poison,
zorua,0.7,12.5,40,65,40,80,40,65,dark,
zoroark,1.6,81.1,60,105,60,120,60,105,dark,
minccino,0.4,5.8,55,50,40,40,40,75,normal,
cinccino,0.5,7.5,75,95,60,65,60,115,normal,
gothita,0.4,5.8,45,30,50,55,65,45,psychic,
gothorita,0.7,18.0,60,45,70,75,85,55,psychic,
gothitelle,1.5,44.0,70,55,95,95,110,65,psychic,
solosis,0.3,1.0,45,30,40,105,50,20,psychic,
duosion,0.6,8.0,65,40,50,125,60,30,psychic,
reuniclus,1.0,20.1,110,65,75,125,85,30,psychic,
ducklett,0.5,5.5,62,44,50,44,50,55,water,flying
swanna,1.3,24.2,75,87,63,87,63,98,water,flying
vanillite,0.4,5.7,36,50,50,65,60,44,ice,
vanillish,1.1,41.0,51,65,65,80,75,59,ice,
vanilluxe,1.3,57.5,71,95,85,110,95,79,ice,
deerling,0.6,19.5,60,60,50,40,50,75,normal,grass
sawsbuck,1.9,92.5,80,100,70,60,70,95,normal,grass
emolga,0.4,5.0,55,75,60,75,60,103,electric,flying
karrablast,0.5,5.9,50,75,45,40,45,60,bug,
escavalier,1.0,33.0,70,135,105,60,105,20,bug,steel
foongus,0.2,1.0,69,55,45,55,55,15,grass,poison
amoonguss,0.6,10.5,114,85,70,85,80,30,grass,poison
frillish,1.2,33.0,55,40,50,65,85,40,water,ghost
jellicent,2.2,135.0,100,60,70,85,105,60,water,ghost
alomomola,1.2,31.6,165,75,80,40,45,65,water,
joltik,0.1,0.6,50,47,50,57,50,65,bug,electric
galvantula,0.8,14.3,70,77,60,97,60,108,bug,electric
ferroseed,0.6,18.8,44,50,91,24,86,10,grass,steel
ferrothorn,1.0,110.0,74,94,131,54,116,20,grass,steel
klink,0.3,21.0,40,55,70,45,60,30,steel,
klang,0.6,51.0,60,80,95,70,85,50,steel,
klinklang,0.6,81.0,60,100,115,70,85,90,steel,
tynamo,0.2,0.3,35,55,40,45,40,60,electric,
eelektrik,1.2,22.0,65,85,70,75,70,40,electric,
eelektross,2.1,80.5,85,115,80,105,80,50,electric,
elgyem,0.5,9.0,55,55,55,85,55,30,psychic,
beheeyem,1.0,34.5,75,75,75,125,95,40,psychic,
litwick,0.3,3.1,50,30,55,65,55,20,ghost,fire
lampent,0.6,13.0,60,40,60,95,60,55,ghost,fire
chandelure,1.0,34.3,60,55,90,145,90,80,ghost,fire
axew,0.6,18.0,46,87,60,30,40,57,dragon,
fraxure,1.0,36.0,66,117,70,40,50,67,dragon,
haxorus,1.8,105.5,76,147,90,60,70,97,dragon,
cubchoo,0.5,8.5,55,70,40,60,40,40,ice,
beartic,2.6,260.0,95,130,80,70,80,50,ice,
cryogonal,1.1,148.0,80,50,50,95,135,105,ice,
shelmet,0.4,7.7,50,40,85,40,65,25,bug,
accelgor,0.8,25.3,80,70,40,100,60,145,bug,
stunfisk,0.7,11.0,109,66,84,81,99,32,ground,electric
mienfoo,0.9,20.0,45,85,50,55,50,65,fighting,
mienshao,1.4,35.5,65,125,60,95,60,105,fighting,
druddigon,1.6,139.0,77,120,90,60,90,48,dragon,
golett,1.0,92.0,59,74,50,35,50,35,ground,ghost
golurk,2.8,330.0,89,124,80,55,80,55,ground,ghost
pawniard,0.5,10.2,45,85,70,40,40,60,dark,steel
bisharp,1.6,70.0,65,125,100,60,70,70,dark,steel
bouffalant,1.6,94.6,95,110,95,40,95,55,normal,
rufflet,0.5,10.5,70,83,50,37,50,60,normal,flying
braviary,1.5,41.0,100,123,75,57,75,80,normal,flying
vullaby,0.5,9.0,70,55,75,45,65,60,dark,flying
mandibuzz,1.2,39.5,110,65,105,55,95,80,dark,flying
heatmor,1.4,58.0,85,97,66,105,66,65,fire,
durant,0.3,33.0,58,109,112,48,48,109,bug,steel
deino,0.8,17.3,52,65,50,45,50,38,dark,dragon
zweilous,1.4,50.0,72,85,70,65,70,58,dark,dragon
hydreigon,1.8,160.0,92,105,90,125,90,98,dark,dragon
larvesta,1.1,28.8,55,85,55,50,55,60,bug,fire
volcarona,1.6,46.0,85,60,65,135,105,100,bug,fire
cobalion,2.1,250.0,91,90,129,90,72,108,steel,fighting
terrakion,1.9,260.0,91,129,90,72,90,108,rock,fighting
virizion,2.0,200.0,91,90,72,90,129,108,grass,fighting
tornadus-incarnate,1.5,63.0,79,115,70,125,80,111,flying,
thundurus-incarnate,1.5,61.0,79,115,70,125,80,111,electric,flying
reshiram,3.2,330.0,100,120,100,150,120,90,dragon,fire
zekrom,2.9,345.0,100,150,120,120,100,90,dragon,electric
landorus-incarnate,1.5,68.0,89,125,90,115,80,101,ground,flying
kyurem,3.0,325.0,125,130,90,130,90,95,dragon,ice
keldeo-ordinary,1.4,48.5,91,72,90,129,90,108,water,fighting
meloetta-aria,0.6,6.5,100,77,77,128,128,90,normal,psychic
genesect,1.5,82.5,71,120,95,120,95,99,bug,steel
chespin,0.4,9.0,56,61,65,48,45,38,grass,
quilladin,0.7,29.0,61,78,95,56,58,57,grass,
chesnaught,1.6,90.0,88,107,122,74,75,64,grass,fighting
fennekin,0.4,9.4,40,45,40,62,60,60,fire,
braixen,1.0,14.5,59,59,58,90,70,73,fire,
delphox,1.5,39.0,75,69,72,114,100,104,fire,psychic
froakie,0.3,7.0,41,56,40,62,44,71,water,
frogadier,0.6,10.9,54,63,52,83,56,97,water,
greninja,1.5,40.0,72,95,67,103,71,122,water,dark
bunnelby,0.4,5.0,38,36,38,32,36,57,normal,
diggersby,1.0,42.4,85,56,77,50,77,78,normal,ground
fletchling,0.3,1.7,45,50,43,40,38,62,normal,flying
fletchinder,0.7,16.0,62,73,55,56,52,84,fire,flying
talonflame,1.2,24.5,78,81,71,74,69,126,fire,flying
scatterbug,0.3,2.5,38,35,40,27,25,35,bug,
spewpa,0.3,8.4,45,22,60,27,30,29,bug,
vivillon,1.2,17.0,80,52,50,90,50,89,bug,flying
litleo,0.6,13.5,62,50,58,73,54,72,fire,normal
pyroar,1.5,81.5,86,68,72,109,66,106,fire,normal
flabebe,0.1,0.1,44,38,39,61,79,42,fairy,
floette,0.2,0.9,54,45,47,75,98,52,fairy,
florges,1.1,10.0,78,65,68,112,154,75,fairy,
skiddo,0.9,31.0,66,65,48,62,57,52,grass,
gogoat,1.7,91.0,123,100,62,97,81,68,grass,
pancham,0.6,8.0,67,82,62,46,48,43,fighting,
pangoro,2.1,136.0,95,124,78,69,71,58,fighting,dark
furfrou,1.2,28.0,75,80,60,65,90,102,normal,
espurr,0.3,3.5,62,48,54,63,60,68,psychic,
meowstic-male,0.6,8.5,74,48,76,83,81,104,psychic,
honedge,0.8,2.0,45,80,100,35,37,28,steel,ghost
doublade,0.8,4.5,59,110,150,45,49,35,steel,ghost
aegislash-shield,1.7,53.0,60,50,140,50,140,60,steel,ghost
spritzee,0.2,0.5,78,52,60,63,65,23,fairy,
aromatisse,0.8,15.5,101,72,72,99,89,29,fairy,
swirlix,0.4,3.5,62,48,66,59,57,49,fairy,
slurpuff,0.8,5.0,82,80,86,85,75,72,fairy,
inkay,0.4,3.5,53,54,53,37,46,45,dark,psychic
malamar,1.5,47.0,86,92,88,68,75,73,dark,psychic
binacle,0.5,31.0,42,52,67,39,56,50,rock,water
barbaracle,1.3,96.0,72,105,115,54,86,68,rock,water
skrelp,0.5,7.3,50,60,60,60,60,30,poison,water
dragalge,1.8,81.5,65,75,90,97,123,44,poison,dragon
clauncher,0.5,8.3,50,53,62,58,63,44,water,
clawitzer,1.3,35.3,71,73,88,120,89,59,water,
helioptile,0.5,6.0,44,38,33,61,43,70,electric,normal
heliolisk,1.0,21.0,62,55,52,109,94,109,electric,normal
tyrunt,0.8,26.0,58,89,77,45,45,48,rock,dragon
tyrantrum,2.5,270.0,82,121,119,69,59,71,rock,dragon
amaura,1.3,25.2,77,59,50,67,63,46,rock,ice
aurorus,2.7,225.0,123,77,72,99,92,58,rock,ice
sylveon,1.0,23.5,95,65,65,110,130,60,fairy,
hawlucha,0.8,21.5,78,92,75,74,63,118,fighting,flying
dedenne,0.2,2.2,67,58,57,81,67,101,electric,fairy
carbink,0.3,5.7,50,50,150,50,150,50,rock,fairy
goomy,0.3,2.8,45,50,35,55,75,40,dragon,
sliggoo,0.8,17.5,68,75,53,83,113,60,dragon,
goodra,2.0,150.5,90,100,70,110,150,80,dragon,
klefki,0.2,3.0,57,80,91,80,87,75,steel,fairy
phantump,0.4,7.0,43,70,48,50,60,38,ghost,grass
trevenant,1.5,71.0,85,110,76,65,82,56,ghost,grass
pumpkaboo-average,0.4,5.0,49,66,70,44,55,51,ghost,grass
gourgeist-average,0.9,12.5,65,90,122,58,75,84,ghost,grass
bergmite,1.0,99.5,55,69,85,32,35,28,ice,
avalugg,2.0,505.0,95,117,184,44,46,28,ice,
noibat,0.5,8.0,40,30,35,45,40,55,flying,dragon
noivern,1.5,85.0,85,70,80,97,80,123,flying,dragon
xerneas,3.0,215.0,126,131,95,131,98,99,fairy,
yveltal,5.8,203.0,126,131,95,131,98,99,dark,flying
zygarde-50,5.0,305.0,108,100,121,81,95,95,dragon,ground
diancie,0.7,8.8,50,100,150,100,150,50,rock,fairy
hoopa,0.5,9.0,80,110,60,150,130,70,psychic,ghost
volcanion,1.7,195.0,80,110,120,130,90,70,fire,water
rowlet,0.3,1.5,68,55,55,50,50,42,grass,flying
dartrix,0.7,16.0,78,75,75,70,70,52,grass,flying
decidueye,1.6,36.6,78,107,75,100,100,70,grass,ghost
litten,0.4,4.3,45,65,40,60,40,70,fire,
torracat,0.7,25.0,65,85,50,80,50,90,fire,
incineroar,1.8,83.0,95,115,90,80,90,60,fire,dark
popplio,0.4,7.5,50,54,54,66,56,40,water,
brionne,0.6,17.5,60,69,69,91,81,50,water,
primarina,1.8,44.0,80,74,74,126,116,60,water,fairy
pikipek,0.3,1.2,35,75,30,30,30,65,normal,flying
trumbeak,0.6,14.8,55,85,50,40,50,75,normal,flying
toucannon,1.1,26.0,80,120,75,75,75,60,normal,flying
yungoos,0.4,6.0,48,70,30,30,30,45,normal,
gumshoos,0.7,14.2,88,110,60,55,60,45,normal,
grubbin,0.4,4.4,47,62,45,55,45,46,bug,
charjabug,0.5,10.5,57,82,95,55,75,36,bug,electric
vikavolt,1.5,45.0,77,70,90,145,75,43,bug,electric
crabrawler,0.6,7.0,47,82,57,42,47,63,fighting,
crabominable,1.7,180.0,97,132,77,62,67,43,fighting,ice
oricorio-baile,0.6,3.4,75,70,70,98,70,93,fire,flying
cutiefly,0.1,0.2,40,45,40,55,40,84,bug,fairy
ribombee,0.2,0.5,60,55,60,95,70,124,bug,fairy
rockruff,0.5,9.2,45,65,40,30,40,60,rock,
lycanroc-midday,0.8,25.0,75,115,65,55,65,112,rock,
wishiwashi-solo,0.2,0.3,45,20,20,25,25,40,water,
mareanie,0.4,8.0,50,53,62,43,52,45,poison,water
toxapex,0.7,14.5,50,63,152,53,142,35,poison,water
mudbray,1.0,110.0,70,100,70,45,55,45,ground,
mudsdale,2.5,920.0,100,125,100,55,85,35,ground,
dewpider,0.3,4.0,38,40,52,40,72,27,water,bug
araquanid,1.8,82.0,68,70,92,50,132,42,water,bug
fomantis,0.3,1.5,40,55,35,50,35,35,grass,
lurantis,0.9,18.5,70,105,90,80,90,45,grass,
morelull,0.2,1.5,40,35,55,65,75,15,grass,fairy
shiinotic,1.0,11.5,60,45,80,90,100,30,grass,fairy
salandit,0.6,4.8,48,44,40,71,40,77,poison,fire
salazzle,1.2,22.2,68,64,60,111,60,117,poison,fire
stufful,0.5,6.8,70,75,50,45,50,50,normal,fighting
bewear,2.1,135.0,120,125,80,55,60,60,normal,fighting
bounsweet,0.3,3.2,42,30,38,30,38,32,grass,
steenee,0.7,8.2,52,40,48,40,48,62,grass,
tsareena,1.2,21.4,72,120,98,50,98,72,grass,
comfey,0.1,0.3,51,52,90,82,110,100,fairy,
oranguru,1.5,76.0,90,60,80,90,110,60,normal,psychic
passimian,2.0,82.8,100,120,90,40,60,80,fighting,
wimpod,0.5,12.0,25,35,40,20,30,80,bug,water
golisopod,2.0,108.0,75,125,140,60,90,40,bug,water
sandygast,0.5,70.0,55,55,80,70,45,15,ghost,ground
palossand,1.3,250.0,85,75,110,100,75,35,ghost,ground
pyukumuku,0.3,1.2,55,60,130,30,130,5,water,
type-null,1.9,120.5,95,95,95,95,95,59,normal,
silvally,2.3,100.5,95,95,95,95,95,95,normal,
minior-red-meteor,0.3,40.0,60,60,100,60,100,60,rock,flying
komala,0.4,19.9,65,115,65,75,95,65,normal,
turtonator,2.0,212.0,60,78,135,91,85,36,fire,dragon
togedemaru,0.3,3.3,65,98,63,40,73,96,electric,steel
mimikyu-disguised,0.2,0.7,55,90,80,50,105,96,ghost,fairy
bruxish,0.9,19.0,68,105,70,70,70,92,water,psychic
drampa,3.0,185.0,78,60,85,135,91,36,normal,dragon
dhelmise,3.9,210.0,70,131,100,86,90,40,ghost,grass
jangmo-o,0.6,29.7,45,55,65,45,45,45,dragon,
hakamo-o,1.2,47.0,55,75,90,65,70,65,dragon,fighting
kommo-o,1.6,78.2,75,110,125,100,105,85,dragon,fighting
tapu-koko,1.8,20.5,70,115,85,95,75,130,electric,fairy
tapu-lele,1.2,18.6,70,85,75,130,115,95,psychic,fairy
tapu-bulu,1.9,45.5,70,130,115,85,95,75,grass,fairy
tapu-fini,1.3,21.2,70,75,115,95,130,85,water,fairy
cosmog,0.2,0.1,43,29,31,29,31,37,psychic,
cosmoem,0.1,999.9,43,29,131,29,131,37,psychic,
solgaleo,3.4,230.0,137,137,107,113,89,97,psychic,steel
lunala,4.0,120.0,137,113,89,137,107,97,psychic,ghost
nihilego,1.2,55.5,109,53,47,127,131,103,rock,poison
buzzwole,2.4,333.6,107,139,139,53,53,79,bug,fighting
pheromosa,1.8,25.0,71,137,37,137,37,151,bug,fighting
xurkitree,3.8,100.0,83,89,71,173,71,83,electric,
celesteela,9.2,999.9,97,101,103,107,101,61,steel,flying
kartana,0.3,0.1,59,181,131,59,31,109,grass,steel
guzzlord,5.5,888.0,223,101,53,97,53,43,dark,dragon
necrozma,2.4,230.0,97,107,101,127,89,79,psychic,
magearna,1.0,80.5,80,95,115,130,115,65,steel,fairy
marshadow,0.7,22.2,90,125,80,90,90,125,fighting,ghost
poipole,0.6,1.8,67,73,67,73,67,73,poison,
naganadel,3.6,150.0,73,73,73,127,73,121,poison,dragon
stakataka,5.5,820.0,61,131,211,53,101,13,rock,steel
blacephalon,1.8,13.0,53,127,53,151,79,107,fire,ghost
zeraora,1.5,44.5,88,112,75,102,80,143,electric,
meltan,0.2,8.0,46,65,65,55,35,34,steel,
melmetal,2.5,800.0,135,143,143,80,65,34,steel,
grookey,0.3,5.0,50,65,50,40,40,65,grass,
thwackey,0.7,14.0,70,85,70,55,60,80,grass,
rillaboom,2.1,90.0,100,125,90,60,70,85,grass,
scorbunny,0.3,4.5,50,71,40,40,40,69,fire,
raboot,0.6,9.0,65,86,60,55,60,94,fire,
cinderace,1.4,33.0,80,116,75,65,75,119,fire,
sobble,0.3,4.0,50,40,40,70,40,70,water,
drizzile,0.7,11.5,65,60,55,95,55,90,water,
inteleon,1.9,45.2,70,85,65,125,65,120,water,
skwovet,0.3,2.5,70,55,55,35,35,25,normal,
greedent,0.6,6.0,120,95,95,55,75,20,normal,
rookidee,0.2,1.8,38,47,35,33,35,57,flying,
corvisquire,0.8,16.0,68,67,55,43,55,77,flying,
corviknight,2.2,75.0,98,87,105,53,85,67,flying,steel
blipbug,0.4,8.0,25,20,20,25,45,45,bug,
dottler,0.4,19.5,50,35,80,50,90,30,bug,psychic
orbeetle,0.4,40.8,60,45,110,80,120,90,bug,psychic
nickit,0.6,8.9,40,28,28,47,52,50,dark,
thievul,1.2,19.9,70,58,58,87,92,90,dark,
gossifleur,0.4,2.2,40,40,60,40,60,10,grass,
eldegoss,0.5,2.5,60,50,90,80,120,60,grass,
wooloo,0.6,6.0,42,40,55,40,45,48,normal,
dubwool,1.3,43.0,72,80,100,60,90,88,normal,
chewtle,0.3,8.5,50,64,50,38,38,44,water,
drednaw,1.0,115.5,90,115,90,48,68,74,water,rock
yamper,0.3,13.5,59,45,50,40,50,26,electric,
boltund,1.0,34.0,69,90,60,90,60,121,electric,
rolycoly,0.3,12.0,30,40,50,40,50,30,rock,
carkol,1.1,78.0,80,60,90,60,70,50,rock,fire
coalossal,2.8,310.5,110,80,120,80,90,30,rock,fire
applin,0.2,0.5,40,40,80,40,40,20,grass,dragon
flapple,0.3,1.0,70,110,80,95,60,70,grass,dragon
appletun,0.4,13.0,110,85,80,100,80,30,grass,dragon
silicobra,2.2,7.6,52,57,75,35,50,46,ground,
sandaconda,3.8,65.5,72,107,125,65,70,71,ground,
cramorant,0.8,18.0,70,85,55,85,95,85,flying,water
arrokuda,0.5,1.0,41,63,40,40,30,66,water,
barraskewda,1.3,30.0,61,123,60,60,50,136,water,
toxel,0.4,11.0,40,38,35,54,35,40,electric,poison
toxtricity-amped,1.6,40.0,75,98,70,114,70,75,electric,poison
sizzlipede,0.7,1.0,50,65,45,50,50,45,fire,bug
centiskorch,3.0,120.0,100,115,65,90,90,65,fire,bug
clobbopus,0.6,4.0,50,68,60,50,50,32,fighting,
grapploct,1.6,39.0,80,118,90,70,80,42,fighting,
sinistea,0.1,0.2,40,45,45,74,54,50,ghost,
polteageist,0.2,0.4,60,65,65,134,114,70,ghost,
hatenna,0.4,3.4,42,30,45,56,53,39,psychic,
hattrem,0.6,4.8,57,40,65,86,73,49,psychic,
hatterene,2.1,5.1,57,90,95,136,103,29,psychic,fairy
impidimp,0.4,5.5,45,45,30,55,40,50,dark,fairy
morgrem,0.8,12.5,65,60,45,75,55,70,dark,fairy
grimmsnarl,1.5,61.0,95,120,65,95,75,60,dark,fairy
obstagoon,1.6,46.0,93,90,101,60,81,95,dark,normal
perrserker,0.8,28.0,70,110,100,50,60,50,steel,
cursola,1.0,0.4,60,95,50,145,130,30,ghost,
sirfetchd,0.8,117.0,62,135,95,68,82,65,fighting,
mr-rime,1.5,58.2,80,85,75,110,100,70,ice,psychic
runerigus,1.6,66.6,58,95,145,50,105,30,ground,ghost
milcery,0.2,0.3,45,40,40,50,61,34,fairy,
alcremie,0.3,0.5,65,60,75,110,121,64,fairy,
falinks,3.0,62.0,65,100,100,70,60,75,fighting,
pincurchin,0.3,1.0,48,101,95,91,85,15,electric,
snom,0.3,3.8,30,25,35,45,30,20,ice,bug
frosmoth,1.3,42.0,70,65,60,125,90,65,ice,bug
stonjourner,2.5,520.0,100,125,135,20,20,70,rock,
eiscue-ice,1.4,89.0,75,80,110,65,90,50,ice,
indeedee-male,0.9,28.0,60,65,55,105,95,95,psychic,normal
morpeko-full-belly,0.3,3.0,58,95,58,70,58,97,electric,dark
cufant,1.2,100.0,72,80,49,40,49,40,steel,
copperajah,3.0,650.0,122,130,69,80,69,30,steel,
dracozolt,1.8,190.0,90,100,90,80,70,75,electric,dragon
arctozolt,2.3,150.0,90,100,90,90,80,55,electric,ice
dracovish,2.3,215.0,90,90,100,70,80,75,water,dragon
arctovish,2.0,175.0,90,90,100,80,90,55,water,ice
duraludon,1.8,40.0,70,95,115,120,50,85,steel,dragon
dreepy,0.5,2.0,28,60,30,40,30,82,dragon,ghost
drakloak,1.4,11.0,68,80,50,60,50,102,dragon,ghost
dragapult,3.0,50.0,88,120,75,100,75,142,dragon,ghost
zacian,2.8,110.0,92,120,115,80,115,138,fairy,
zamazenta,2.9,210.0,92,120,115,80,115,138,fighting,
eternatus,20.0,950.0,140,85,95,145,95,130,poison,dragon
kubfu,0.6,12.0,60,90,60,53,50,72,fighting,
urshifu-single-strike,1.9,105.0,100,130,100,63,60,97,fighting,dark
zarude,1.8,70.0,105,120,105,70,95,105,dark,grass
regieleki,1.2,145.0,80,100,50,100,50,200,electric,
regidrago,2.1,200.0,200,100,50,100,50,80,dragon,
glastrier,2.2,800.0,100,145,130,65,110,30,ice,
spectrier,2.0,44.5,100,65,60,145,80,130,ghost,
calyrex,1.1,7.7,100,80,80,80,80,80,psychic,grass
wyrdeer,1.8,95.1,103,105,72,105,75,65,normal,psychic
kleavor,1.8,89.0,70,135,95,45,70,85,bug,rock
ursaluna,2.4,290.0,130,140,105,45,80,50,ground,normal
basculegion-male,3.0,110.0,120,112,65,80,75,78,water,ghost
sneasler,1.3,43.0,80,130,60,40,80,120,fighting,poison
overqwil,2.5,60.5,85,115,95,65,65,85,dark,poison
enamorus-incarnate,1.6,48.0,74,115,70,135,80,106,fairy,flying
sprigatito,0.4,4.1,40,61,54,45,45,65,grass,
floragato,0.9,12.2,61,80,63,60,63,83,grass,
meowscarada,1.5,31.2,76,110,70,81,70,123,grass,dark
fuecoco,0.4,9.8,67,45,59,63,40,36,fire,
crocalor,1.0,30.7,81,55,78,90,58,49,fire,
skeledirge,1.6,326.5,104,75,100,110,75,66,fire,ghost
quaxly,0.5,6.1,55,65,45,50,45,50,water,
quaxwell,1.2,21.5,70,85,65,65,60,65,water,
quaquaval,1.8,61.9,85,120,80,85,75,85,water,fighting
lechonk,0.5,10.2,54,45,40,35,45,35,normal,
oinkologne,1.0,120.0,110,100,75,59,80,65,normal,
tarountula,0.3,4.0,35,41,45,29,40,20,bug,
spidops,1.0,16.5,60,79,92,52,86,35,bug,
nymble,0.2,1.0,33,46,40,21,25,45,bug,
lokix,1.0,17.5,71,102,78,52,55,92,bug,dark
pawmi,0.3,2.5,45,50,20,40,25,60,electric,
pawmo,0.4,6.5,60,75,40,50,40,85,electric,fighting
pawmot,0.9,41.0,70,115,70,70,60,105,electric,fighting
tandemaus,0.3,1.8,50,50,45,40,45,75,normal,
maushold,0.3,2.3,74,75,70,65,75,111,normal,
fidough,0.3,10.9,37,55,70,30,55,65,fairy,
dachsbun,0.5,14.9,57,80,115,50,80,95,fairy,
smoliv,0.3,6.5,41,35,45,58,51,30,grass,normal
dolliv,0.6,11.9,52,53,60,78,78,33,grass,normal
arboliva,1.4,48.2,78,69,90,125,109,39,grass,normal
squawkabilly,0.6,2.4,82,96,51,45,51,92,normal,flying
nacli,0.4,16.0,55,55,75,35,35,25,rock,
naclstack,0.6,105.0,60,60,100,35,65,35,rock,
garganacl,2.3,240.0,100,100,130,45,90,35,rock,
charcadet,0.6,10.5,40,50,40,50,40,35,fire,
armarouge,1.5,85.0,85,60,100,125,80,75,fire,psychic
ceruledge,1.6,62.0,75,125,80,60,100,85,fire,ghost
tadbulb,0.3,0.4,61,31,41,59,35,45,electric,
bellibolt,1.2,113.0,109,64,91,103,83,45,electric,
wattrel,0.4,3.6,40,40,35,55,40,70,electric,flying
kilowattrel,1.4,38.6,70,70,60,105,60,125,electric,flying
maschiff,0.5,16.0,60,78,60,40,51,51,dark,
mabosstiff,1.1,61.0,80,120,90,60,70,85,dark,
shroodle,0.2,0.7,40,65,35,40,35,75,poison,normal
grafaiai,0.7,27.2,63,95,65,80,72,110,poison,normal
bramblin,0.6,0.6,40,65,30,45,35,60,grass,ghost
brambleghast,1.2,6.0,55,115,70,80,70,90,grass,ghost
toedscool,0.9,33.0,40,40,35,50,100,70,ground,grass
toedscruel,1.9,58.0,80,70,65,80,120,100,ground,grass
klawf,1.3,79.0,70,100,115,35,55,75,rock,
capsakid,0.3,3.0,50,62,40,62,40,50,grass,
scovillain,0.9,15.0,65,108,65,108,65,75,grass,fire
rellor,0.2,1.0,41,50,60,31,58,30,bug,
rabsca,0.3,3.5,75,50,85,115,100,45,bug,psychic
flittle,0.2,1.5,30,35,30,55,30,75,psychic,
espathra,1.9,90.0,95,60,60,101,60,105,psychic,
tinkatink,0.4,8.9,50,45,45,35,64,58,fairy,steel
tinkatuff,0.7,59.1,65,55,55,45,82,78,fairy,steel
tinkaton,0.7,112.8,85,75,77,70,105,94,fairy,steel
wiglett,1.2,1.8,10,55,25,35,25,95,water,
wugtrio,1.2,5.4,35,100,50,50,70,120,water,
bombirdier,1.5,42.9,70,103,85,60,85,82,flying,dark
finizen,1.3,60.2,70,45,40,45,40,75,water,
palafin,1.3,60.2,100,70,72,53,62,100,water,
varoom,1.0,35.0,45,70,63,30,45,47,steel,poison
revavroom,1.8,120.0,80,119,90,54,67,90,steel,poison
cyclizar,1.6,63.0,70,95,65,85,65,121,dragon,normal
orthworm,2.5,310.0,70,85,145,60,55,65,steel,
glimmet,0.7,8.0,48,35,42,105,60,60,rock,poison
glimmora,1.5,45.0,83,55,90,130,81,86,rock,poison
greavard,0.6,35.0,50,61,60,30,55,34,ghost,
houndstone,2.0,15.0,72,101,100,50,97,68,ghost,
flamigo,1.6,37.0,82,115,74,75,64,90,flying,fighting
cetoddle,1.2,45.0,108,68,45,30,40,43,ice,
cetitan,4.5,700.0,170,113,65,45,55,73,ice,
veluza,2.5,90.0,90,102,73,78,65,70,water,psychic
dondozo,12.0,220.0,150,100,115,65,65,35,water,
tatsugiri,0.3,8.0,68,50,60,120,95,82,dragon,water
annihilape,1.2,56.0,110,115,80,50,90,90,fighting,ghost
clodsire,1.8,223.0,130,75,60,45,100,20,poison,ground
farigiraf,3.2,160.0,120,90,70,110,70,60,normal,psychic
dudunsparce,3.6,39.2,125,100,80,85,75,55,normal,
kingambit,2.0,120.0,100,135,120,60,85,50,dark,steel
great-tusk,2.2,320.0,115,131,131,53,53,87,ground,fighting
scream-tail,1.2,8.0,115,65,99,65,115,111,fairy,psychic
brute-bonnet,1.2,21.0,111,127,99,79,99,55,grass,dark
flutter-mane,1.4,4.0,55,55,55,135,135,135,ghost,fairy
slither-wing,3.2,92.0,85,135,79,85,105,81,bug,fighting
sandy-shocks,2.3,60.0,85,81,97,121,85,101,electric,ground
iron-treads,0.9,240.0,90,112,120,72,70,106,ground,steel
iron-bundle,0.6,11.0,56,80,114,124,60,136,ice,water
iron-hands,1.8,380.7,154,140,108,50,68,50,fighting,electric
iron-jugulis,1.3,111.0,94,80,86,122,80,108,dark,flying
iron-moth,1.2,36.0,80,70,60,140,110,110,fire,poison
iron-thorns,1.6,303.0,100,134,110,70,84,72,rock,electric
frigibax,0.5,17.0,65,75,45,35,45,55,dragon,ice
arctibax,0.8,30.0,90,95,66,45,65,62,dragon,ice
baxcalibur,2.1,210.0,115,145,92,75,86,87,dragon,ice
gimmighoul,0.3,5.0,45,30,70,75,70,10,ghost,
gholdengo,1.2,30.0,87,60,95,133,91,84,steel,ghost
wo-chien,1.5,74.2,85,85,100,95,135,70,dark,grass
chien-pao,1.9,152.2,80,120,80,90,65,135,dark,ice
ting-lu,2.7,699.7,155,110,125,55,80,45,dark,ground
chi-yu,0.4,4.9,55,80,80,135,120,100,dark,fire
roaring-moon,2.0,380.0,105,139,71,55,101,119,dragon,dark
iron-valiant,1.4,35.0,74,130,90,120,60,116,fairy,fighting
koraidon,2.5,303.0,100,135,115,85,100,135,fighting,dragon
miraidon,3.5,240.0,100,85,100,135,115,135,electric,dragon
walking-wake,3.5,280.0,99,83,91,125,83,109,water,dragon
iron-leaves,1.5,125.0,90,130,88,70,108,104,grass,psychic
deoxys-attack,1.7,60.8,50,180,20,180,20,150,psychic,
deoxys-defense,1.7,60.8,50,70,160,70,160,90,psychic,
deoxys-speed,1.7,60.8,50,95,90,95,90,180,psychic,
wormadam-sandy,0.5,6.5,60,79,105,59,85,36,bug,ground
wormadam-trash,0.5,6.5,60,69,95,69,95,36,bug,steel
shaymin-sky,0.4,5.2,100,103,75,120,75,127,grass,flying
giratina-origin,6.9,650.0,150,120,100,120,100,90,ghost,dragon
rotom-heat,0.3,0.3,50,65,107,105,107,86,electric,fire
rotom-wash,0.3,0.3,50,65,107,105,107,86,electric,water
rotom-frost,0.3,0.3,50,65,107,105,107,86,electric,ice
rotom-fan,0.3,0.3,50,65,107,105,107,86,electric,flying
rotom-mow,0.3,0.3,50,65,107,105,107,86,electric,grass
castform-sunny,0.3,0.8,70,70,70,70,70,70,fire,
castform-rainy,0.3,0.8,70,70,70,70,70,70,water,
castform-snowy,0.3,0.8,70,70,70,70,70,70,ice,
basculin-blue-striped,1.0,18.0,70,92,65,80,55,98,water,
darmanitan-zen,1.3,92.9,105,30,105,140,105,55,fire,psychic
meloetta-pirouette,0.6,6.5,100,128,90,77,77,128,normal,fighting
tornadus-therian,1.4,63.0,79,100,80,110,90,121,flying,
thundurus-therian,3.0,61.0,79,105,70,145,80,101,electric,flying
landorus-therian,1.3,68.0,89,145,90,105,80,91,ground,flying
kyurem-black,3.3,325.0,125,170,100,120,90,95,dragon,ice
kyurem-white,3.6,325.0,125,120,90,170,100,95,dragon,ice
keldeo-resolute,1.4,48.5,91,72,90,129,90,108,water,fighting
meowstic-female,0.6,8.5,74,48,76,83,81,104,psychic,
aegislash-blade,1.7,53.0,60,140,50,140,50,60,steel,ghost
pumpkaboo-small,0.3,3.5,44,66,70,44,55,56,ghost,grass
pumpkaboo-large,0.5,7.5,54,66,70,44,55,46,ghost,grass
pumpkaboo-super,0.8,15.0,59,66,70,44,55,41,ghost,grass
gourgeist-small,0.7,9.5,55,85,122,58,75,99,ghost,grass
gourgeist-large,1.1,14.0,75,95,122,58,75,69,ghost,grass
gourgeist-super,1.7,39.0,85,100,122,58,75,54,ghost,grass
venusaur-mega,2.4,155.5,80,100,123,122,120,80,grass,poison
charizard-mega-x,1.7,110.5,78,130,111,130,85,100,fire,dragon
charizard-mega-y,1.7,100.5,78,104,78,159,115,100,fire,flying
blastoise-mega,1.6,101.1,79,103,120,135,115,78,water,
alakazam-mega,1.2,48.0,55,50,65,175,105,150,psychic,
gengar-mega,1.4,40.5,60,65,80,170,95,130,ghost,poison
kangaskhan-mega,2.2,100.0,105,125,100,60,100,100,normal,
pinsir-mega,1.7,59.0,65,155,120,65,90,105,bug,flying
gyarados-mega,6.5,305.0,95,155,109,70,130,81,water,dark
aerodactyl-mega,2.1,79.0,80,135,85,70,95,150,rock,flying
mewtwo-mega-x,2.3,127.0,106,190,100,154,100,130,psychic,fighting
mewtwo-mega-y,1.5,33.0,106,150,70,194,120,140,psychic,
ampharos-mega,1.4,61.5,90,95,105,165,110,45,electric,dragon
scizor-mega,2.0,125.0,70,150,140,65,100,75,bug,steel
heracross-mega,1.7,62.5,80,185,115,40,105,75,bug,fighting
houndoom-mega,1.9,49.5,75,90,90,140,90,115,dark,fire
tyranitar-mega,2.5,255.0,100,164,150,95,120,71,rock,dark
blaziken-mega,1.9,52.0,80,160,80,130,80,100,fire,fighting
gardevoir-mega,1.6,48.4,68,85,65,165,135,100,psychic,fairy
mawile-mega,1.0,23.5,50,105,125,55,95,50,steel,fairy
aggron-mega,2.2,395.0,70,140,230,60,80,50,steel,
medicham-mega,1.3,31.5,60,100,85,80,85,100,fighting,psychic
manectric-mega,1.8,44.0,70,75,80,135,80,135,electric,
banette-mega,1.2,13.0,64,165,75,93,83,75,ghost,
absol-mega,1.2,49.0,65,150,60,115,60,115,dark,
garchomp-mega,1.9,95.0,108,170,115,120,95,92,dragon,ground
lucario-mega,1.3,57.5,70,145,88,140,70,112,fighting,steel
abomasnow-mega,2.7,185.0,90,132,105,132,105,30,grass,ice
floette-eternal,0.2,0.9,74,65,67,125,128,92,fairy,
latias-mega,1.8,52.0,80,100,120,140,150,110,dragon,psychic
latios-mega,2.3,70.0,80,130,100,160,120,110,dragon,psychic
swampert-mega,1.9,102.0,100,150,110,95,110,70,water,ground
sceptile-mega,1.9,55.2,70,110,75,145,85,145,grass,dragon
sableye-mega,0.5,161.0,50,85,125,85,115,20,dark,ghost
altaria-mega,1.5,20.6,75,110,110,110,105,80,dragon,fairy
gallade-mega,1.6,56.4,68,165,95,65,115,110,psychic,fighting
audino-mega,1.5,32.0,103,60,126,80,126,50,normal,fairy
sharpedo-mega,2.5,130.3,70,140,70,110,65,105,water,dark
slowbro-mega,2.0,120.0,95,75,180,130,80,30,water,psychic
steelix-mega,10.5,740.0,75,125,230,55,95,30,steel,ground
pidgeot-mega,2.2,50.5,83,80,80,135,80,121,normal,flying
glalie-mega,2.1,350.2,80,120,80,120,80,100,ice,
diancie-mega,1.1,27.8,50,160,110,160,110,110,rock,fairy
metagross-mega,2.5,942.9,80,145,150,105,110,110,steel,psychic
kyogre-primal,9.8,430.0,100,150,90,180,160,90,water,
groudon-primal,5.0,999.7,100,180,160,150,90,90,ground,fire
rayquaza-mega,10.8,392.0,105,180,100,180,100,115,dragon,flying
pikachu-rock-star,0.4,6.0,35,55,40,50,50,90,electric,
pikachu-belle,0.4,6.0,35,55,40,50,50,90,electric,
pikachu-pop-star,0.4,6.0,35,55,40,50,50,90,electric,
pikachu-phd,0.4,6.0,35,55,40,50,50,90,electric,
pikachu-libre,0.4,6.0,35,55,40,50,50,90,electric,
pikachu-cosplay,0.4,6.0,35,55,40,50,50,90,electric,
hoopa-unbound,6.5,490.0,80,160,60,170,130,80,psychic,dark
camerupt-mega,2.5,320.5,70,120,100,145,105,20,fire,ground
lopunny-mega,1.3,28.3,65,136,94,54,96,135,normal,fighting
salamence-mega,1.8,112.6,95,145,130,120,90,120,dragon,flying
beedrill-mega,1.4,40.5,65,150,40,15,80,145,bug,poison
rattata-alola,0.3,3.8,30,56,35,25,35,72,dark,normal
raticate-alola,0.7,25.5,75,71,70,40,80,77,dark,normal
raticate-totem-alola,1.4,105.0,75,71,70,40,80,77,dark,normal
pikachu-original-cap,0.4,6.0,35,55,40,50,50,90,electric,
pikachu-hoenn-cap,0.4,6.0,35,55,40,50,50,90,electric,
pikachu-sinnoh-cap,0.4,6.0,35,55,40,50,50,90,electric,
pikachu-unova-cap,0.4,6.0,35,55,40,50,50,90,electric,
pikachu-kalos-cap,0.4,6.0,35,55,40,50,50,90,electric,
pikachu-alola-cap,0.4,6.0,35,55,40,50,50,90,electric,
raichu-alola,0.7,21.0,60,85,50,95,85,110,electric,psychic
sandshrew-alola,0.7,40.0,50,75,90,10,35,40,ice,steel
sandslash-alola,1.2,55.0,75,100,120,25,65,65,ice,steel
vulpix-alola,0.6,9.9,38,41,40,50,65,65,ice,
ninetales-alola,1.1,19.9,73,67,75,81,100,109,ice,fairy
diglett-alola,0.2,1.0,10,55,30,35,45,90,ground,steel
dugtrio-alola,0.7,66.6,35,100,60,50,70,110,ground,steel
meowth-alola,0.4,4.2,40,35,35,50,40,90,dark,
persian-alola,1.1,33.0,65,60,60,75,65,115,dark,
geodude-alola,0.4,20.3,40,80,100,30,30,20,rock,electric
graveler-alola,1.0,110.0,55,95,115,45,45,35,rock,electric
golem-alola,1.7,316.0,80,120,130,55,65,45,rock,electric
grimer-alola,0.7,42.0,80,80,50,40,50,25,poison,dark
muk-alola,1.0,52.0,105,105,75,65,100,50,poison,dark
exeggutor-alola,10.9,415.6,95,105,85,125,75,45,grass,dragon
marowak-alola,1.0,34.0,60,80,110,50,80,45,fire,ghost
greninja-battle-bond,1.5,40.0,72,95,67,103,71,122,water,dark
greninja-ash,1.5,40.0,72,145,67,153,71,132,water,dark
zygarde-10-power-construct,1.2,33.5,54,100,71,61,85,115,dragon,ground
zygarde-50-power-construct,5.0,305.0,108,100,121,81,95,95,dragon,ground
zygarde-complete,4.5,610.0,216,100,121,91,95,85,dragon,ground
gumshoos-totem,1.4,60.0,88,110,60,55,60,45,normal,
vikavolt-totem,2.6,147.5,77,70,90,145,75,43,bug,electric
oricorio-pom-pom,0.6,3.4,75,70,70,98,70,93,electric,flying
oricorio-pau,0.6,3.4,75,70,70,98,70,93,psychic,flying
oricorio-sensu,0.6,3.4,75,70,70,98,70,93,ghost,flying
lycanroc-midnight,1.1,25.0,85,115,75,55,75,82,rock,
wishiwashi-school,8.2,78.6,45,140,130,140,135,30,water,
lurantis-totem,1.5,58.0,70,105,90,80,90,45,grass,
salazzle-totem,2.1,81.0,68,64,60,111,60,117,poison,fire
minior-orange-meteor,0.3,40.0,60,60,100,60,100,60,rock,flying
minior-yellow-meteor,0.3,40.0,60,60,100,60,100,60,rock,flying
minior-green-meteor,0.3,40.0,60,60,100,60,100,60,rock,flying
minior-blue-meteor,0.3,40.0,60,60,100,60,100,60,rock,flying
minior-indigo-meteor,0.3,40.0,60,60,100,60,100,60,rock,flying
minior-violet-meteor,0.3,40.0,60,60,100,60,100,60,rock,flying
minior-red,0.3,0.3,60,100,60,100,60,120,rock,flying
minior-orange,0.3,0.3,60,100,60,100,60,120,rock,flying
minior-yellow,0.3,0.3,60,100,60,100,60,120,rock,flying
minior-green,0.3,0.3,60,100,60,100,60,120,rock,flying
minior-blue,0.3,0.3,60,100,60,100,60,120,rock,flying
minior-indigo,0.3,0.3,60,100,60,100,60,120,rock,flying
minior-violet,0.3,0.3,60,100,60,100,60,120,rock,flying
mimikyu-busted,0.2,0.7,55,90,80,50,105,96,ghost,fairy
mimikyu-totem-disguised,0.4,2.8,55,90,80,50,105,96,ghost,fairy
mimikyu-totem-busted,0.4,2.8,55,90,80,50,105,96,ghost,fairy
kommo-o-totem,2.4,207.5,75,110,125,100,105,85,dragon,fighting
magearna-original,1.0,80.5,80,95,115,130,115,65,steel,fairy
pikachu-partner-cap,0.4,6.0,35,55,40,50,50,90,electric,
marowak-totem,1.7,98.0,60,80,110,50,80,45,fire,ghost
ribombee-totem,0.4,2.0,60,55,60,95,70,124,bug,fairy
rockruff-own-tempo,0.5,9.2,45,65,40,30,40,60,rock,
lycanroc-dusk,0.8,25.0,75,117,65,55,65,110,rock,
araquanid-totem,3.1,217.5,68,70,92,50,132,42,water,bug
togedemaru-totem,0.6,13.0,65,98,63,40,73,96,electric,steel
necrozma-dusk,3.8,460.0,97,157,127,113,109,77,psychic,steel
necrozma-dawn,4.2,350.0,97,113,109,157,127,77,psychic,ghost
necrozma-ultra,7.5,230.0,97,167,97,167,97,129,psychic,dragon
pikachu-starter,0.4,6.0,45,80,50,75,60,120,electric,
eevee-starter,0.3,6.5,65,75,70,65,85,75,normal,
pikachu-world-cap,0.4,6.0,35,55,40,50,50,90,electric,
meowth-galar,0.4,7.5,50,65,55,40,40,40,steel,
ponyta-galar,0.8,24.0,50,85,55,65,65,90,psychic,
rapidash-galar,1.7,80.0,65,100,70,80,80,105,psychic,fairy
slowpoke-galar,1.2,36.0,90,65,65,40,40,15,psychic,
slowbro-galar,1.6,70.5,95,100,95,100,70,30,poison,psychic
farfetchd-galar,0.8,42.0,52,95,55,58,62,55,fighting,
weezing-galar,3.0,16.0,65,90,120,85,70,60,poison,fairy
mr-mime-galar,1.4,56.8,50,65,65,90,90,100,ice,psychic
articuno-galar,1.7,50.9,90,85,85,125,100,95,psychic,flying
zapdos-galar,1.6,58.2,90,125,90,85,90,100,fighting,flying
moltres-galar,2.0,66.0,90,85,90,100,125,90,dark,flying
slowking-galar,1.8,79.5,95,65,80,110,110,30,poison,psychic
corsola-galar,0.6,0.5,60,55,100,65,100,30,ghost,
zigzagoon-galar,0.4,17.5,38,30,41,30,41,60,dark,normal
linoone-galar,0.5,32.5,78,70,61,50,61,100,dark,normal
darumaka-galar,0.7,40.0,70,90,45,15,45,50,ice,
darmanitan-galar-standard,1.7,120.0,105,140,55,30,55,95,ice,
darmanitan-galar-zen,1.7,120.0,105,160,55,30,55,135,ice,fire
yamask-galar,0.5,1.5,38,55,85,30,65,30,ground,ghost
stunfisk-galar,0.7,20.5,109,81,99,66,84,32,ground,steel
zygarde-10,1.2,33.5,54,100,71,61,85,115,dragon,ground
cramorant-gulping,0.8,18.0,70,85,55,85,95,85,flying,water
cramorant-gorging,0.8,18.0,70,85,55,85,95,85,flying,water
toxtricity-low-key,1.6,40.0,75,98,70,114,70,75,electric,poison
eiscue-noice,1.4,89.0,75,80,70,65,50,130,ice,
indeedee-female,0.9,28.0,70,55,65,95,105,85,psychic,normal
morpeko-hangry,0.3,3.0,58,95,58,70,58,97,electric,dark
zacian-crowned,2.8,355.0,92,150,115,80,115,148,fairy,steel
zamazenta-crowned,2.9,785.0,92,120,140,80,140,128,fighting,steel
eternatus-eternamax,100.0,0.0,255,115,250,125,250,130,poison,dragon
urshifu-rapid-strike,1.9,105.0,100,130,100,63,60,97,fighting,water
zarude-dada,1.8,70.0,105,120,105,70,95,105,dark,grass
calyrex-ice,2.4,809.1,100,165,150,85,130,50,psychic,ice
calyrex-shadow,2.4,53.6,100,85,80,165,100,150,psychic,ghost
venusaur-gmax,24.0,1000.0,80,82,83,100,100,80,grass,poison
charizard-gmax,28.0,1000.0,78,84,78,109,85,100,fire,flying
blastoise-gmax,25.0,1000.0,79,83,100,85,105,78,water,
butterfree-gmax,17.0,1000.0,60,45,50,90,80,70,bug,flying
pikachu-gmax,21.0,1000.0,35,55,40,50,50,90,electric,
meowth-gmax,33.0,1000.0,40,45,35,40,40,90,normal,
machamp-gmax,25.0,1000.0,90,130,80,65,85,55,fighting,
gengar-gmax,20.0,1000.0,60,65,60,130,75,110,ghost,poison
kingler-gmax,19.0,1000.0,55,130,115,50,50,75,water,
lapras-gmax,24.0,1000.0,130,85,80,85,95,60,water,ice
eevee-gmax,18.0,1000.0,55,55,50,45,65,55,normal,
snorlax-gmax,35.0,1000.0,160,110,65,65,110,30,normal,
garbodor-gmax,21.0,1000.0,80,95,82,60,82,75,poison,
melmetal-gmax,25.0,1000.0,135,143,143,80,65,34,steel,
rillaboom-gmax,28.0,1000.0,100,125,90,60,70,85,grass,
cinderace-gmax,27.0,1000.0,80,116,75,65,75,119,fire,
inteleon-gmax,40.0,1000.0,70,85,65,125,65,120,water,
corviknight-gmax,14.0,1000.0,98,87,105,53,85,67,flying,steel
orbeetle-gmax,14.0,1000.0,60,45,110,80,120,90,bug,psychic
drednaw-gmax,24.0,1000.0,90,115,90,48,68,74,water,rock
coalossal-gmax,42.0,1000.0,110,80,120,80,90,30,rock,fire
flapple-gmax,24.0,1000.0,70,110,80,95,60,70,grass,dragon
appletun-gmax,24.0,1000.0,110,85,80,100,80,30,grass,dragon
sandaconda-gmax,22.0,1000.0,72,107,125,65,70,71,ground,
toxtricity-amped-gmax,24.0,1000.0,75,98,70,114,70,75,electric,poison
centiskorch-gmax,75.0,1000.0,100,115,65,90,90,65,fire,bug
hatterene-gmax,26.0,1000.0,57,90,95,136,103,29,psychic,fairy
grimmsnarl-gmax,32.0,1000.0,95,120,65,95,75,60,dark,fairy
alcremie-gmax,30.0,1000.0,65,60,75,110,121,64,fairy,
copperajah-gmax,23.0,1000.0,122,130,69,80,69,30,steel,
duraludon-gmax,43.0,1000.0,70,95,115,120,50,85,steel,dragon
urshifu-single-strike-gmax,29.0,1000.0,100,130,100,63,60,97,fighting,dark
urshifu-rapid-strike-gmax,26.0,1000.0,100,130,100,63,60,97,fighting,water
toxtricity-low-key-gmax,24.0,1000.0,75,98,70,114,70,75,electric,poison
growlithe-hisui,0.8,22.7,60,75,45,65,50,55,fire,rock
arcanine-hisui,2.0,168.0,95,115,80,95,80,90,fire,rock
voltorb-hisui,0.5,13.0,40,30,50,55,55,100,electric,grass
electrode-hisui,1.2,71.0,60,50,70,80,80,150,electric,grass
typhlosion-hisui,1.6,69.8,73,84,78,119,85,95,fire,ghost
qwilfish-hisui,0.5,3.9,65,95,85,55,55,85,dark,poison
sneasel-hisui,0.9,27.0,55,95,55,35,75,115,fighting,poison
samurott-hisui,1.5,58.2,90,108,80,100,65,85,water,dark
lilligant-hisui,1.2,19.2,70,105,75,50,75,105,grass,fighting
zorua-hisui,0.7,12.5,35,60,40,85,40,70,normal,ghost
zoroark-hisui,1.6,73.0,55,100,60,125,60,110,normal,ghost
braviary-hisui,1.7,43.4,110,83,70,112,70,65,psychic,flying
sliggoo-hisui,0.7,68.5,58,75,83,83,113,40,steel,dragon
goodra-hisui,1.7,334.1,80,100,100,110,150,60,steel,dragon
avalugg-hisui,1.4,262.4,95,127,184,34,36,38,ice,rock
decidueye-hisui,1.6,37.0,88,112,80,95,95,60,grass,fighting
dialga-origin,7.0,848.7,100,100,120,150,120,90,steel,dragon
palkia-origin,6.3,659.0,90,100,100,150,120,120,water,dragon
basculin-white-striped,1.0,18.0,70,92,65,80,55,98,water,
basculegion-female,3.0,110.0,120,92,65,100,75,78,water,ghost
enamorus-therian,1.6,48.0,74,115,110,135,100,46,fairy,flying
tauros-paldea-combat-breed,1.4,115.0,75,110,105,30,70,100,fighting,
tauros-paldea-blaze-breed,1.4,85.0,75,110,105,30,70,100,fighting,fire
tauros-paldea-aqua-breed,1.4,110.0,75,110,105,30,70,100,fighting,water
wooper-paldea,0.4,11.0,55,45,45,25,25,15,poison,ground
oinkologne-female,1.0,120.0,115,90,70,59,90,65,normal,
dudunsparce-three-segment,4.5,47.4,125,100,80,85,75,55,normal,
palafin-hero,1.8,97.4,100,160,97,106,87,100,water,
maushold-family-of-three,0.3,2.8,74,75,70,65,75,111,normal,
tatsugiri-droopy,0.3,8.0,68,50,60,120,95,82,dragon,water
tatsugiri-stretchy,0.3,8.0,68,50,60,120,95,82,dragon,water
squawkabilly-blue-plumage,0.6,2.4,82,96,51,45,51,92,normal,flying
squawkabilly-yellow-plumage,0.6,2.4,82,96,51,45,51,92,normal,flying
squawkabilly-white-plumage,0.6,2.4,82,96,51,45,51,92,normal,flying
gimmighoul-roaming,0.1,1.0,45,30,25,75,45,80,ghost,
koraidon-limited-build,3.5,303.0,100,135,115,85,100,135,fighting,dragon
koraidon-sprinting-build,3.5,303.0,100,135,115,85,100,135,fighting,dragon
koraidon-swimming-build,3.5,303.0,100,135,115,85,100,135,fighting,dragon
koraidon-gliding-build,3.5,303.0,100,135,115,85,100,135,fighting,dragon
miraidon-low-power-mode,2.8,240.0,100,85,100,135,115,135,electric,dragon
miraidon-drive-mode,2.8,240.0,100,85,100,135,115,135,electric,dragon
miraidon-aquatic-mode,2.8,240.0,100,85,100,135,115,135,electric,dragon
miraidon-glide-mode,2.8,240.0,100,85,100,135,115,135,electric,dragon
